,precision,recall,f1-score,support
0,0.7410800385728061,0.7696544817225839,0.7550970277573077,1997.0
1,0.6437793427230047,0.5460428073668492,0.5908968489092379,2009.0
2,0.729072907290729,0.8124373119358074,0.7685009487666035,1994.0
accuracy,0.709,0.709,0.709,0.709
macro avg,0.7046440961955134,0.7093782003417468,0.7048316084777163,6000.0
weighted avg,0.7045101522830206,0.709,0.7045719042884351,6000.0
