iter, loss
1,0.8704495998794833
2,0.831570439696312
3,0.8180956726521253
