iter, loss
1,0.9187808191577593
2,0.8377873335977395
3,0.8220511205395062
